{"name":"Form root","localizedNames":{},"localizedDescriptions":{},"rmType":"FORM_DEFINITION","min":0,"max":0,"formId":"form_root","viewConfig":{"label":{"custom":false,"useLocalizations":false},"size":{"field":"inherit","label":"inherit"},"layout":{"label":{"valign":"inherit","align":"inherit"},"field":{"valign":"inherit","align":"inherit"}},"annotations":{}},"children":[{"name":"Helseregistrering","localizedName":"Helseregistrering","localizedNames":{"en":"*Helseregistrering (nb)","nb":"Helseregistrering"},"localizedDescriptions":{"nb":"En generell struktur for å registrere ulike data som skal vises i pasientlister i DIPS Arena (primært).","en":"*En generell struktur for å registrere ulike data som skal vises i pasientlister i DIPS Arena (primært). (nb)"},"rmType":"COMPOSITION","nodeId":"openEHR-EHR-COMPOSITION.care_entry_dips.v0","min":1,"max":1,"aqlPath":"/","inputs":[],"formId":"helseregistrering","viewConfig":{"multiplicity":{"min":1,"max":1},"advanced":{"hidden":false,"readonly":false,"hideFrame":false,"render":false},"label":{"custom":false,"useLocalizations":false},"size":{"field":"inherit","label":"inherit"},"layout":{"label":{"valign":"inherit","align":"inherit"},"field":{"valign":"inherit","align":"inherit"}},"annotations":{},"field":{}},"children":[{"name":"Tidsfestet fritekst","localizedName":"Tidsfestet fritekst","localizedNames":{"en":"*Tidsfestet fritekst (nb)","nb":"Tidsfestet fritekst"},"localizedDescriptions":{"nb":"Fritekstbeskrivelse av et individs helserelaterte hendelser på et spesifikt tidspunkt, sett fra helsepersonellets synsvinkel.","en":"*Fritekstbeskrivelse av et individs helserelaterte hendelser på et spesifikt tidspunkt, sett fra helsepersonellets synsvinkel. (nb)"},"rmType":"OBSERVATION","nodeId":"openEHR-EHR-OBSERVATION.progress_note.v1","min":1,"max":1,"aqlPath":"/content[openEHR-EHR-OBSERVATION.progress_note.v1]","inputs":[],"formId":"helseregistrering/tidsfestet_fritekst","viewConfig":{"multiplicity":{"min":1,"max":1},"advanced":{"hidden":false,"readonly":false,"hideFrame":false,"render":false},"label":{"custom":false,"useLocalizations":false},"size":{"field":"inherit","label":"-1"},"layout":{"label":{"valign":"inherit","align":"inherit"},"field":{"valign":"inherit","align":"inherit"}},"annotations":{},"field":{},"tags":["HideLabel"]},"children":[{"name":"Origin","localizedName":"Origin","localizedNames":{"en":"*Origin (en)","nb":"Origin"},"localizedDescriptions":{},"rmType":"DV_DATE_TIME","min":0,"max":1,"aqlPath":"/content[openEHR-EHR-OBSERVATION.progress_note.v1]/data[at0001]/origin","inputs":[{"type":"DATETIME","listOpen":false}],"formId":"helseregistrering/tidsfestet_fritekst/event_series/origin","viewConfig":{"multiplicity":{"min":0,"max":1},"advanced":{"hidden":false,"readonly":false,"hideFrame":false,"render":false},"label":{"custom":false,"useLocalizations":false},"size":{"field":"inherit","label":"inherit"},"layout":{"label":{"valign":"inherit","align":"inherit"},"field":{"valign":"inherit","align":"inherit"}},"annotations":{"calc":"$when"},"field":{"input":{"hideTime":false,"dateFormat":"","hideDate":false}}}},{"name":"Uspesifisert hendelse","localizedName":"Uspesifisert hendelse","localizedNames":{"en":"*Uspesifisert hendelse (nb)","nb":"Uspesifisert hendelse"},"localizedDescriptions":{"nb":"Standard, uspesifisert tidspunkt eller tidsintervall som kan defineres mer eksplisitt i en template eller i en applikasjon.","en":"*Standard, uspesifisert tidspunkt eller tidsintervall som kan defineres mer eksplisitt i en template eller i en applikasjon. (nb)"},"rmType":"EVENT","nodeId":"at0002","min":1,"max":1,"aqlPath":"/content[openEHR-EHR-OBSERVATION.progress_note.v1]/data[at0001]/events[at0002]","inputs":[],"formId":"helseregistrering/tidsfestet_fritekst/uspesifisert_hendelse","viewConfig":{"multiplicity":{"min":1,"max":1},"advanced":{"hidden":false,"readonly":false,"hideFrame":false,"render":false},"label":{"custom":false,"useLocalizations":false},"size":{"field":"inherit","label":"-1"},"layout":{"label":{"valign":"inherit","align":"inherit"},"field":{"valign":"inherit","align":"inherit"}},"annotations":{},"tags":["HideLabel"]},"children":[{"name":"Tidsfestet fritekst","localizedName":"Tidsfestet fritekst","localizedNames":{"en":"*Tidsfestet fritekst (nb)","nb":"Tidsfestet fritekst"},"localizedDescriptions":{"nb":"Fritekstbeskrivelse av helserelaterte hendelser, status, funn eller oppfatninger på et spesifikt tidspunkt.","en":"*Fritekstbeskrivelse av helserelaterte hendelser, status, funn eller oppfatninger på et spesifikt tidspunkt. (nb)"},"rmType":"DV_TEXT","nodeId":"at0004","min":0,"max":1,"aqlPath":"/content[openEHR-EHR-OBSERVATION.progress_note.v1]/data[at0001]/events[at0002]/data[at0003]/items[at0004]/value","inputs":[{"type":"TEXT","list":[],"listOpen":false}],"formId":"helseregistrering/tidsfestet_fritekst/uspesifisert_hendelse/tidsfestet_fritekst","viewConfig":{"multiplicity":{"min":0,"max":1},"advanced":{"hidden":false,"readonly":false,"hideFrame":false,"render":false},"label":{"custom":false,"useLocalizations":false},"size":{"field":"inherit","label":"inherit"},"layout":{"label":{"valign":"inherit","align":"inherit"},"field":{"valign":"inherit","align":"inherit"}},"datasource":{"loadRemote":false,"parameters":{}},"annotations":{},"field":{"lines":null,"input":{},"formatting":null}}},{"name":"Time","localizedName":"Time","localizedNames":{"en":"*Time (en)","nb":"Time"},"localizedDescriptions":{},"rmType":"DV_DATE_TIME","min":0,"max":1,"aqlPath":"/content[openEHR-EHR-OBSERVATION.progress_note.v1]/data[at0001]/events[at0002]/time","inputs":[{"type":"DATETIME","listOpen":false}],"formId":"helseregistrering/tidsfestet_fritekst/uspesifisert_hendelse/time","viewConfig":{"multiplicity":{"min":0,"max":1},"advanced":{"hidden":false,"readonly":false,"hideFrame":false,"render":false},"label":{"custom":false,"useLocalizations":false},"size":{"field":"inherit","label":"inherit"},"layout":{"label":{"valign":"inherit","align":"inherit"},"field":{"valign":"inherit","align":"inherit"}},"annotations":{"calc":"$when"},"field":{"input":{"hideTime":false,"dateFormat":"","hideDate":false}}}}]},{"name":"Registreringstype","localizedName":"Registreringstype","localizedNames":{"en":"*Registreringstype (nb)","nb":"Registreringstype"},"localizedDescriptions":{"nb":"Benytts for å klassifsere registreringen som gjøres til pasientliste. ","en":"*Benytts for å klassifsere registreringen som gjøres til pasientliste.  (nb)"},"rmType":"CLUSTER","nodeId":"openEHR-EHR-CLUSTER.care_entry_type.v0","min":1,"max":1,"aqlPath":"/content[openEHR-EHR-OBSERVATION.progress_note.v1]/protocol[at0005]/items[openEHR-EHR-CLUSTER.care_entry_type.v0]","inputs":[],"formId":"helseregistrering/tidsfestet_fritekst/registreringstype","viewConfig":{"multiplicity":{"min":1,"max":1},"advanced":{"hidden":false,"readonly":false,"hideFrame":false,"render":false},"label":{"custom":false,"useLocalizations":false},"size":{"field":"inherit","label":"-1"},"layout":{"label":{"valign":"inherit","align":"inherit"},"field":{"valign":"inherit","align":"inherit"}},"annotations":{},"field":{},"tags":["HideLabel"]},"children":[{"name":"Registreringstype","localizedName":"Registreringstype","localizedNames":{"en":"*Registreringstype (nb)","nb":"Registreringstype"},"localizedDescriptions":{"nb":"Benytt kodeverk for å definere registreringstype","en":"*Benytt kodeverk for å definere registreringstype (nb)"},"rmType":"DV_CODED_TEXT","nodeId":"at0001","min":0,"max":1,"aqlPath":"/content[openEHR-EHR-OBSERVATION.progress_note.v1]/protocol[at0005]/items[openEHR-EHR-CLUSTER.care_entry_type.v0]/items[at0001]/value","inputs":[{"suffix":"code","type":"CODED_TEXT","list":[{"value":"01","label":"MAT","ordinal":0,"localizedLabels":{"nb":"MAT","en":"*MAT (nb)"},"localizedDescriptions":{}},{"value":"02","label":"TILSYN","ordinal":0,"localizedLabels":{"nb":"TILSYN","en":"*TILSYN (nb)"},"localizedDescriptions":{}}],"listOpen":false}],"formId":"helseregistrering/tidsfestet_fritekst/registreringstype/registreringstype","viewConfig":{"multiplicity":{"min":0,"max":1},"advanced":{"hidden":false,"readonly":false,"hideFrame":false,"render":false},"label":{"custom":false,"useLocalizations":false},"size":{"field":"inherit","label":"inherit"},"layout":{"label":{"valign":"inherit","align":"inherit"},"field":{"valign":"inherit","align":"inherit"}},"annotations":{},"field":{"code":{"presentation":"radios","columns":"1"}}}}]}]},{"name":"Start time","localizedName":"Start time","localizedNames":{"en":"*Start time (en)","nb":"Start time"},"localizedDescriptions":{},"rmType":"DV_DATE_TIME","min":0,"max":1,"aqlPath":"/context/start_time","inputs":[{"type":"DATETIME","listOpen":false}],"formId":"helseregistrering/start_time","viewConfig":{"multiplicity":{"min":0,"max":1},"advanced":{"hidden":false,"readonly":false,"hideFrame":false,"render":false},"label":{"custom":false,"useLocalizations":false},"size":{"field":"inherit","label":"inherit"},"layout":{"label":{"valign":"inherit","align":"inherit"},"field":{"valign":"inherit","align":"inherit"}},"annotations":{"calcId":"when","templateVariable":"[Sys.Now]"},"field":{"input":{"hideTime":false,"dateFormat":"","hideDate":false}}}}]}]}