[{"col":1,"row":1,"width":12,"height":31,"children":[{"id":"helseregistrering","rows":[{"cols":[{"width":"100%","children":[{"id":"helseregistrering/tidsfestet_fritekst","rows":[{"cols":[{"width":"100%","children":[{"id":"helseregistrering/tidsfestet_fritekst/event_series/origin","rows":[]},{"id":"helseregistrering/tidsfestet_fritekst/uspesifisert_hendelse","rows":[{"cols":[{"width":"100%","children":[{"id":"helseregistrering/tidsfestet_fritekst/uspesifisert_hendelse/tidsfestet_fritekst","rows":[]},{"id":"helseregistrering/tidsfestet_fritekst/uspesifisert_hendelse/time","rows":[]}]}]}]},{"id":"helseregistrering/tidsfestet_fritekst/registreringstype","rows":[{"cols":[{"width":"100%","children":[{"id":"helseregistrering/tidsfestet_fritekst/registreringstype/registreringstype","rows":[]}]}]}]}]}]}]},{"id":"helseregistrering/start_time","rows":[]}]}]}]}]}]